UserID,EventType,TimeElapsed,timestamp,VariableFields
gan49UJ6RY9RJABg1Cx9,START,0,2025-03-06T07:15:22.399Z,{}
gan49UJ6RY9RJABg1Cx9,QSubmit,43,2025-03-06T07:16:05.207Z,"{""Qn"":0,""Soption"":3,""FirsttimeSeen"":1,""ResponseTime"":42}"
gan49UJ6RY9RJABg1Cx9,Qfirstseen,43,2025-03-06T07:16:05.208Z,"{""Qn"":1,""FirsttimeSeen"":43}"
gan49UJ6RY9RJABg1Cx9,QChange,43,2025-03-06T07:16:05.208Z,"{""Qn"":0,""Qnto"":1,""submitted"":""No""}"
gan49UJ6RY9RJABg1Cx9,QSubmit,52,2025-03-06T07:16:14.178Z,"{""Qn"":1,""Soption"":3,""FirsttimeSeen"":43,""ResponseTime"":9}"
gan49UJ6RY9RJABg1Cx9,QChange,52,2025-03-06T07:16:14.179Z,"{""Qn"":1,""Qnto"":2,""submitted"":""No""}"
gan49UJ6RY9RJABg1Cx9,Qfirstseen,52,2025-03-06T07:16:14.179Z,"{""Qn"":2,""FirsttimeSeen"":52}"
gan49UJ6RY9RJABg1Cx9,QChange,81,2025-03-06T07:16:43.410Z,"{""Qn"":2,""Qnto"":1,""submitted"":""No""}"
gan49UJ6RY9RJABg1Cx9,QChange,84,2025-03-06T07:16:46.459Z,"{""Qn"":1,""Qnto"":2,""submitted"":""Yes""}"
gan49UJ6RY9RJABg1Cx9,QSubmit,99,2025-03-06T07:17:00.931Z,"{""Qn"":2,""Soption"":"""",""FirsttimeSeen"":52,""ResponseTime"":47}"
gan49UJ6RY9RJABg1Cx9,QChange,99,2025-03-06T07:17:00.932Z,"{""Qn"":2,""Qnto"":3,""submitted"":""No""}"
gan49UJ6RY9RJABg1Cx9,Qfirstseen,99,2025-03-06T07:17:00.932Z,"{""Qn"":3,""FirsttimeSeen"":99}"
gan49UJ6RY9RJABg1Cx9,QSubmit,111,2025-03-06T07:17:13.011Z,"{""Qn"":3,""Soption"":0,""FirsttimeSeen"":99,""ResponseTime"":12}"
gan49UJ6RY9RJABg1Cx9,QChange,111,2025-03-06T07:17:13.011Z,"{""Qn"":3,""Qnto"":4,""submitted"":""No""}"
gan49UJ6RY9RJABg1Cx9,Qfirstseen,111,2025-03-06T07:17:13.012Z,"{""Qn"":4,""FirsttimeSeen"":111}"
gan49UJ6RY9RJABg1Cx9,QSubmit,171,2025-03-06T07:18:13.170Z,"{""Qn"":4,""Soption"":1,""FirsttimeSeen"":111,""ResponseTime"":60}"
gan49UJ6RY9RJABg1Cx9,QChange,171,2025-03-06T07:18:13.171Z,"{""Qn"":4,""Qnto"":5,""submitted"":""No""}"
gan49UJ6RY9RJABg1Cx9,Qfirstseen,171,2025-03-06T07:18:13.171Z,"{""Qn"":5,""FirsttimeSeen"":171}"
gan49UJ6RY9RJABg1Cx9,QSubmit,200,2025-03-06T07:18:42.595Z,"{""Qn"":5,""Soption"":1,""FirsttimeSeen"":171,""ResponseTime"":29}"
gan49UJ6RY9RJABg1Cx9,QChange,200,2025-03-06T07:18:42.596Z,"{""Qn"":5,""Qnto"":6,""submitted"":""No""}"
gan49UJ6RY9RJABg1Cx9,Qfirstseen,200,2025-03-06T07:18:42.596Z,"{""Qn"":6,""FirsttimeSeen"":200}"
gan49UJ6RY9RJABg1Cx9,QChange,209,2025-03-06T07:18:51.890Z,"{""Qn"":6,""Qnto"":5,""submitted"":""No""}"
gan49UJ6RY9RJABg1Cx9,QChange,210,2025-03-06T07:18:52.762Z,"{""Qn"":5,""Qnto"":6,""submitted"":""Yes""}"
gan49UJ6RY9RJABg1Cx9,REVIEWED,239,2025-03-06T07:19:21.284Z,"{""Qn"":6}"
gan49UJ6RY9RJABg1Cx9,Qfirstseen,247,2025-03-06T07:19:28.931Z,"{""Qn"":7,""FirsttimeSeen"":247}"
gan49UJ6RY9RJABg1Cx9,QChange,247,2025-03-06T07:19:28.931Z,"{""Qn"":6,""Qnto"":7,""submitted"":""No""}"
gan49UJ6RY9RJABg1Cx9,QChange,248,2025-03-06T07:19:30.501Z,"{""Qn"":7,""Qnto"":6,""submitted"":""No""}"
gan49UJ6RY9RJABg1Cx9,QChange,254,2025-03-06T07:19:36.442Z,"{""Qn"":6,""Qnto"":7,""submitted"":""No""}"
gan49UJ6RY9RJABg1Cx9,QChange,259,2025-03-06T07:19:41.506Z,"{""Qn"":7,""Qnto"":11,""submitted"":""No""}"
gan49UJ6RY9RJABg1Cx9,Qfirstseen,259,2025-03-06T07:19:41.507Z,"{""Qn"":11,""FirsttimeSeen"":259}"
gan49UJ6RY9RJABg1Cx9,QChange,260,2025-03-06T07:19:42.834Z,"{""Qn"":11,""Qnto"":8,""submitted"":""No""}"
gan49UJ6RY9RJABg1Cx9,Qfirstseen,260,2025-03-06T07:19:42.835Z,"{""Qn"":8,""FirsttimeSeen"":260}"
gan49UJ6RY9RJABg1Cx9,QChange,262,2025-03-06T07:19:44.234Z,"{""Qn"":8,""Qnto"":9,""submitted"":""No""}"
gan49UJ6RY9RJABg1Cx9,Qfirstseen,262,2025-03-06T07:19:44.235Z,"{""Qn"":9,""FirsttimeSeen"":262}"
gan49UJ6RY9RJABg1Cx9,QChange,263,2025-03-06T07:19:45.466Z,"{""Qn"":9,""Qnto"":10,""submitted"":""No""}"
gan49UJ6RY9RJABg1Cx9,Qfirstseen,263,2025-03-06T07:19:45.467Z,"{""Qn"":10,""FirsttimeSeen"":263}"
gan49UJ6RY9RJABg1Cx9,QChange,265,2025-03-06T07:19:46.978Z,"{""Qn"":10,""Qnto"":7,""submitted"":""No""}"
gan49UJ6RY9RJABg1Cx9,QChange,270,2025-03-06T07:19:52.267Z,"{""Qn"":7,""Qnto"":6,""submitted"":""No""}"
gan49UJ6RY9RJABg1Cx9,QSubmit,271,2025-03-06T07:19:53.785Z,"{""Qn"":6,""Soption"":"""",""FirsttimeSeen"":200,""ResponseTime"":71}"
gan49UJ6RY9RJABg1Cx9,QChange,271,2025-03-06T07:19:53.786Z,"{""Qn"":6,""Qnto"":7,""submitted"":""No""}"
gan49UJ6RY9RJABg1Cx9,QChange,273,2025-03-06T07:19:55.266Z,"{""Qn"":7,""Qnto"":7,""submitted"":""No""}"
gan49UJ6RY9RJABg1Cx9,REVIEWED,307,2025-03-06T07:20:29.662Z,"{""Qn"":7}"
gan49UJ6RY9RJABg1Cx9,QChange,309,2025-03-06T07:20:31.586Z,"{""Qn"":7,""Qnto"":8,""submitted"":""No""}"
gan49UJ6RY9RJABg1Cx9,QChange,342,2025-03-06T07:21:04.206Z,"{""Qn"":8,""Qnto"":9,""submitted"":""No""}"
gan49UJ6RY9RJABg1Cx9,QSubmit,342,2025-03-06T07:21:04.206Z,"{""Qn"":8,""Soption"":1,""FirsttimeSeen"":260,""ResponseTime"":82}"
gan49UJ6RY9RJABg1Cx9,REVIEWED,356,2025-03-06T07:21:18.253Z,"{""Qn"":9}"
gan49UJ6RY9RJABg1Cx9,QChange,357,2025-03-06T07:21:19.714Z,"{""Qn"":9,""Qnto"":10,""submitted"":""No""}"
gan49UJ6RY9RJABg1Cx9,QChange,369,2025-03-06T07:21:31.852Z,"{""Qn"":10,""Qnto"":11,""submitted"":""No""}"
gan49UJ6RY9RJABg1Cx9,QSubmit,369,2025-03-06T07:21:31.852Z,"{""Qn"":10,""Soption"":3,""FirsttimeSeen"":263,""ResponseTime"":106}"
gan49UJ6RY9RJABg1Cx9,QSubmit,443,2025-03-06T07:22:45.306Z,"{""Qn"":11,""Soption"":2,""FirsttimeSeen"":259,""ResponseTime"":184}"
gan49UJ6RY9RJABg1Cx9,QChange,443,2025-03-06T07:22:45.307Z,"{""Qn"":11,""Qnto"":12,""submitted"":""No""}"
gan49UJ6RY9RJABg1Cx9,Qfirstseen,443,2025-03-06T07:22:45.307Z,"{""Qn"":12,""FirsttimeSeen"":443}"
gan49UJ6RY9RJABg1Cx9,QSubmit,500,2025-03-06T07:23:41.938Z,"{""Qn"":12,""Soption"":1,""FirsttimeSeen"":443,""ResponseTime"":57}"
gan49UJ6RY9RJABg1Cx9,QChange,500,2025-03-06T07:23:41.939Z,"{""Qn"":12,""Qnto"":13,""submitted"":""No""}"
gan49UJ6RY9RJABg1Cx9,Qfirstseen,500,2025-03-06T07:23:41.939Z,"{""Qn"":13,""FirsttimeSeen"":500}"
gan49UJ6RY9RJABg1Cx9,QChange,504,2025-03-06T07:23:46.210Z,"{""Qn"":13,""Qnto"":7,""submitted"":""No""}"
gan49UJ6RY9RJABg1Cx9,QSubmit,506,2025-03-06T07:23:48.282Z,"{""Qn"":7,""Soption"":"""",""FirsttimeSeen"":247,""ResponseTime"":259}"
gan49UJ6RY9RJABg1Cx9,QChange,506,2025-03-06T07:23:48.283Z,"{""Qn"":7,""Qnto"":8,""submitted"":""No""}"
gan49UJ6RY9RJABg1Cx9,QChange,508,2025-03-06T07:23:50.269Z,"{""Qn"":8,""Qnto"":9,""submitted"":""Yes""}"
gan49UJ6RY9RJABg1Cx9,QSubmit,510,2025-03-06T07:23:51.929Z,"{""Qn"":9,""Soption"":"""",""FirsttimeSeen"":262,""ResponseTime"":248}"
gan49UJ6RY9RJABg1Cx9,QChange,510,2025-03-06T07:23:51.930Z,"{""Qn"":9,""Qnto"":10,""submitted"":""No""}"
gan49UJ6RY9RJABg1Cx9,QChange,511,2025-03-06T07:23:53.331Z,"{""Qn"":10,""Qnto"":13,""submitted"":""Yes""}"
gan49UJ6RY9RJABg1Cx9,QChange,515,2025-03-06T07:23:57.429Z,"{""Qn"":13,""Qnto"":19,""submitted"":""No""}"
gan49UJ6RY9RJABg1Cx9,Qfirstseen,515,2025-03-06T07:23:57.429Z,"{""Qn"":19,""FirsttimeSeen"":515}"
gan49UJ6RY9RJABg1Cx9,QChange,517,2025-03-06T07:23:58.914Z,"{""Qn"":19,""Qnto"":20,""submitted"":""No""}"
gan49UJ6RY9RJABg1Cx9,Qfirstseen,517,2025-03-06T07:23:58.915Z,"{""Qn"":20,""FirsttimeSeen"":517}"
gan49UJ6RY9RJABg1Cx9,QSubmit,525,2025-03-06T07:24:07.506Z,"{""Qn"":20,""Soption"":0,""FirsttimeSeen"":517,""ResponseTime"":8}"
gan49UJ6RY9RJABg1Cx9,QChange,525,2025-03-06T07:24:07.507Z,"{""Qn"":20,""Qnto"":21,""submitted"":""No""}"
gan49UJ6RY9RJABg1Cx9,Qfirstseen,525,2025-03-06T07:24:07.507Z,"{""Qn"":21,""FirsttimeSeen"":525}"
gan49UJ6RY9RJABg1Cx9,QSubmit,573,2025-03-06T07:24:55.282Z,"{""Qn"":21,""Soption"":2,""FirsttimeSeen"":525,""ResponseTime"":48}"
gan49UJ6RY9RJABg1Cx9,Qfirstseen,573,2025-03-06T07:24:55.283Z,"{""Qn"":22,""FirsttimeSeen"":573}"
gan49UJ6RY9RJABg1Cx9,QChange,573,2025-03-06T07:24:55.283Z,"{""Qn"":21,""Qnto"":22,""submitted"":""No""}"
gan49UJ6RY9RJABg1Cx9,QChange,581,2025-03-06T07:25:03.859Z,"{""Qn"":22,""Qnto"":13,""submitted"":""No""}"
gan49UJ6RY9RJABg1Cx9,QSubmit,705,2025-03-06T07:27:07.642Z,"{""Qn"":13,""Soption"":2,""FirsttimeSeen"":500,""ResponseTime"":205}"
gan49UJ6RY9RJABg1Cx9,QChange,705,2025-03-06T07:27:07.643Z,"{""Qn"":13,""Qnto"":14,""submitted"":""No""}"
gan49UJ6RY9RJABg1Cx9,Qfirstseen,705,2025-03-06T07:27:07.643Z,"{""Qn"":14,""FirsttimeSeen"":705}"
gan49UJ6RY9RJABg1Cx9,QSubmit,716,2025-03-06T07:27:18.702Z,"{""Qn"":14,""Soption"":1,""FirsttimeSeen"":705,""ResponseTime"":11}"
gan49UJ6RY9RJABg1Cx9,Qfirstseen,716,2025-03-06T07:27:18.703Z,"{""Qn"":15,""FirsttimeSeen"":716}"
gan49UJ6RY9RJABg1Cx9,QChange,716,2025-03-06T07:27:18.703Z,"{""Qn"":14,""Qnto"":15,""submitted"":""No""}"
gan49UJ6RY9RJABg1Cx9,QChange,755,2025-03-06T07:27:57.770Z,"{""Qn"":15,""Qnto"":19,""submitted"":""No""}"
gan49UJ6RY9RJABg1Cx9,QChange,757,2025-03-06T07:27:59.805Z,"{""Qn"":19,""Qnto"":16,""submitted"":""No""}"
gan49UJ6RY9RJABg1Cx9,Qfirstseen,757,2025-03-06T07:27:59.806Z,"{""Qn"":16,""FirsttimeSeen"":757}"
gan49UJ6RY9RJABg1Cx9,QChange,758,2025-03-06T07:28:00.786Z,"{""Qn"":16,""Qnto"":17,""submitted"":""No""}"
gan49UJ6RY9RJABg1Cx9,Qfirstseen,758,2025-03-06T07:28:00.786Z,"{""Qn"":17,""FirsttimeSeen"":758}"
gan49UJ6RY9RJABg1Cx9,QSubmit,776,2025-03-06T07:28:18.916Z,"{""Qn"":17,""Soption"":1,""FirsttimeSeen"":758,""ResponseTime"":18}"
gan49UJ6RY9RJABg1Cx9,QChange,776,2025-03-06T07:28:18.916Z,"{""Qn"":17,""Qnto"":18,""submitted"":""No""}"
gan49UJ6RY9RJABg1Cx9,Qfirstseen,776,2025-03-06T07:28:18.917Z,"{""Qn"":18,""FirsttimeSeen"":776}"
gan49UJ6RY9RJABg1Cx9,QChange,778,2025-03-06T07:28:20.818Z,"{""Qn"":18,""Qnto"":16,""submitted"":""No""}"
gan49UJ6RY9RJABg1Cx9,QChange,783,2025-03-06T07:28:25.418Z,"{""Qn"":16,""Qnto"":15,""submitted"":""No""}"
gan49UJ6RY9RJABg1Cx9,QSubmit,797,2025-03-06T07:28:39.669Z,"{""Qn"":15,""Soption"":"""",""FirsttimeSeen"":716,""ResponseTime"":81}"
gan49UJ6RY9RJABg1Cx9,QChange,797,2025-03-06T07:28:39.670Z,"{""Qn"":15,""Qnto"":16,""submitted"":""No""}"
gan49UJ6RY9RJABg1Cx9,QChange,807,2025-03-06T07:28:48.906Z,"{""Qn"":16,""Qnto"":20,""submitted"":""No""}"
gan49UJ6RY9RJABg1Cx9,QChange,810,2025-03-06T07:28:52.702Z,"{""Qn"":20,""Qnto"":16,""submitted"":""Yes""}"
gan49UJ6RY9RJABg1Cx9,QChange,814,2025-03-06T07:28:55.994Z,"{""Qn"":16,""Qnto"":18,""submitted"":""No""}"
gan49UJ6RY9RJABg1Cx9,QChange,818,2025-03-06T07:29:00.482Z,"{""Qn"":18,""Qnto"":19,""submitted"":""No""}"
gan49UJ6RY9RJABg1Cx9,QChange,819,2025-03-06T07:29:01.546Z,"{""Qn"":19,""Qnto"":18,""submitted"":""No""}"
gan49UJ6RY9RJABg1Cx9,QChange,821,2025-03-06T07:29:03.082Z,"{""Qn"":18,""Qnto"":16,""submitted"":""No""}"
gan49UJ6RY9RJABg1Cx9,QChange,829,2025-03-06T07:29:11.727Z,"{""Qn"":16,""Qnto"":18,""submitted"":""No""}"
gan49UJ6RY9RJABg1Cx9,QSubmit,868,2025-03-06T07:29:50.437Z,"{""Qn"":18,""Soption"":1,""FirsttimeSeen"":776,""ResponseTime"":92}"
gan49UJ6RY9RJABg1Cx9,QChange,868,2025-03-06T07:29:50.438Z,"{""Qn"":18,""Qnto"":19,""submitted"":""No""}"
gan49UJ6RY9RJABg1Cx9,QChange,904,2025-03-06T07:30:26.629Z,"{""Qn"":19,""Qnto"":22,""submitted"":""No""}"
gan49UJ6RY9RJABg1Cx9,QChange,909,2025-03-06T07:30:31.502Z,"{""Qn"":22,""Qnto"":23,""submitted"":""No""}"
gan49UJ6RY9RJABg1Cx9,Qfirstseen,909,2025-03-06T07:30:31.502Z,"{""Qn"":23,""FirsttimeSeen"":909}"
gan49UJ6RY9RJABg1Cx9,QSubmit,958,2025-03-06T07:31:20.010Z,"{""Qn"":23,""Soption"":3,""FirsttimeSeen"":909,""ResponseTime"":49}"
gan49UJ6RY9RJABg1Cx9,QChange,958,2025-03-06T07:31:20.011Z,"{""Qn"":23,""Qnto"":24,""submitted"":""No""}"
gan49UJ6RY9RJABg1Cx9,Qfirstseen,958,2025-03-06T07:31:20.011Z,"{""Qn"":24,""FirsttimeSeen"":958}"
gan49UJ6RY9RJABg1Cx9,QChange,961,2025-03-06T07:31:23.108Z,"{""Qn"":24,""Qnto"":21,""submitted"":""No""}"
gan49UJ6RY9RJABg1Cx9,QChange,964,2025-03-06T07:31:26.618Z,"{""Qn"":21,""Qnto"":20,""submitted"":""Yes""}"
gan49UJ6RY9RJABg1Cx9,QChange,965,2025-03-06T07:31:27.602Z,"{""Qn"":20,""Qnto"":21,""submitted"":""Yes""}"
gan49UJ6RY9RJABg1Cx9,QChange,969,2025-03-06T07:31:31.218Z,"{""Qn"":21,""Qnto"":16,""submitted"":""Yes""}"
gan49UJ6RY9RJABg1Cx9,QChange,970,2025-03-06T07:31:32.162Z,"{""Qn"":16,""Qnto"":19,""submitted"":""No""}"
gan49UJ6RY9RJABg1Cx9,QSubmit,999,2025-03-06T07:32:01.094Z,"{""Qn"":19,""Soption"":3,""FirsttimeSeen"":515,""ResponseTime"":484}"
gan49UJ6RY9RJABg1Cx9,QChange,999,2025-03-06T07:32:01.095Z,"{""Qn"":19,""Qnto"":20,""submitted"":""No""}"
gan49UJ6RY9RJABg1Cx9,QChange,1002,2025-03-06T07:32:04.627Z,"{""Qn"":20,""Qnto"":22,""submitted"":""Yes""}"
gan49UJ6RY9RJABg1Cx9,QChange,1082,2025-03-06T07:33:24.682Z,"{""Qn"":22,""Qnto"":23,""submitted"":""No""}"
gan49UJ6RY9RJABg1Cx9,QChange,1085,2025-03-06T07:33:27.078Z,"{""Qn"":23,""Qnto"":24,""submitted"":""Yes""}"
gan49UJ6RY9RJABg1Cx9,QChange,1095,2025-03-06T07:33:37.818Z,"{""Qn"":24,""Qnto"":25,""submitted"":""No""}"
gan49UJ6RY9RJABg1Cx9,Qfirstseen,1095,2025-03-06T07:33:37.819Z,"{""Qn"":25,""FirsttimeSeen"":1095}"
gan49UJ6RY9RJABg1Cx9,QChange,1099,2025-03-06T07:33:41.104Z,"{""Qn"":25,""Qnto"":26,""submitted"":""No""}"
gan49UJ6RY9RJABg1Cx9,Qfirstseen,1099,2025-03-06T07:33:41.105Z,"{""Qn"":26,""FirsttimeSeen"":1099}"
gan49UJ6RY9RJABg1Cx9,QChange,1100,2025-03-06T07:33:42.502Z,"{""Qn"":26,""Qnto"":27,""submitted"":""No""}"
gan49UJ6RY9RJABg1Cx9,Qfirstseen,1100,2025-03-06T07:33:42.502Z,"{""Qn"":27,""FirsttimeSeen"":1100}"
gan49UJ6RY9RJABg1Cx9,QChange,1102,2025-03-06T07:33:44.290Z,"{""Qn"":27,""Qnto"":28,""submitted"":""No""}"
gan49UJ6RY9RJABg1Cx9,Qfirstseen,1102,2025-03-06T07:33:44.290Z,"{""Qn"":28,""FirsttimeSeen"":1102}"
gan49UJ6RY9RJABg1Cx9,QChange,1105,2025-03-06T07:33:47.890Z,"{""Qn"":28,""Qnto"":29,""submitted"":""No""}"
gan49UJ6RY9RJABg1Cx9,Qfirstseen,1105,2025-03-06T07:33:47.891Z,"{""Qn"":29,""FirsttimeSeen"":1105}"
gan49UJ6RY9RJABg1Cx9,QChange,1111,2025-03-06T07:33:53.402Z,"{""Qn"":29,""Qnto"":25,""submitted"":""No""}"
gan49UJ6RY9RJABg1Cx9,QChange,1114,2025-03-06T07:33:56.652Z,"{""Qn"":25,""Qnto"":22,""submitted"":""No""}"
gan49UJ6RY9RJABg1Cx9,QChange,1116,2025-03-06T07:33:58.562Z,"{""Qn"":22,""Qnto"":24,""submitted"":""No""}"
gan49UJ6RY9RJABg1Cx9,QChange,1129,2025-03-06T07:34:11.690Z,"{""Qn"":24,""Qnto"":25,""submitted"":""No""}"
gan49UJ6RY9RJABg1Cx9,QChange,1137,2025-03-06T07:34:18.962Z,"{""Qn"":25,""Qnto"":26,""submitted"":""No""}"
gan49UJ6RY9RJABg1Cx9,QChange,1139,2025-03-06T07:34:21.586Z,"{""Qn"":26,""Qnto"":25,""submitted"":""No""}"
gan49UJ6RY9RJABg1Cx9,QChange,1146,2025-03-06T07:34:28.076Z,"{""Qn"":25,""Qnto"":22,""submitted"":""No""}"
gan49UJ6RY9RJABg1Cx9,QChange,1147,2025-03-06T07:34:29.282Z,"{""Qn"":22,""Qnto"":23,""submitted"":""No""}"
gan49UJ6RY9RJABg1Cx9,QChange,1148,2025-03-06T07:34:30.788Z,"{""Qn"":23,""Qnto"":24,""submitted"":""Yes""}"
gan49UJ6RY9RJABg1Cx9,QChange,1151,2025-03-06T07:34:33.882Z,"{""Qn"":24,""Qnto"":25,""submitted"":""No""}"
gan49UJ6RY9RJABg1Cx9,QChange,1213,2025-03-06T07:35:35.901Z,"{""Qn"":25,""Qnto"":26,""submitted"":""No""}"
gan49UJ6RY9RJABg1Cx9,QChange,1215,2025-03-06T07:35:37.002Z,"{""Qn"":26,""Qnto"":27,""submitted"":""No""}"
gan49UJ6RY9RJABg1Cx9,QChange,1216,2025-03-06T07:35:38.090Z,"{""Qn"":27,""Qnto"":28,""submitted"":""No""}"
gan49UJ6RY9RJABg1Cx9,QChange,1217,2025-03-06T07:35:39.187Z,"{""Qn"":28,""Qnto"":29,""submitted"":""No""}"
gan49UJ6RY9RJABg1Cx9,QChange,1231,2025-03-06T07:35:53.709Z,"{""Qn"":29,""Qnto"":28,""submitted"":""No""}"
gan49UJ6RY9RJABg1Cx9,QChange,1233,2025-03-06T07:35:55.315Z,"{""Qn"":28,""Qnto"":27,""submitted"":""No""}"
gan49UJ6RY9RJABg1Cx9,QChange,1240,2025-03-06T07:36:02.162Z,"{""Qn"":27,""Qnto"":26,""submitted"":""No""}"
gan49UJ6RY9RJABg1Cx9,QChange,1241,2025-03-06T07:36:03.458Z,"{""Qn"":26,""Qnto"":25,""submitted"":""No""}"
gan49UJ6RY9RJABg1Cx9,QChange,1347,2025-03-06T07:37:49.669Z,"{""Qn"":25,""Qnto"":26,""submitted"":""No""}"
gan49UJ6RY9RJABg1Cx9,QChange,1349,2025-03-06T07:37:51.502Z,"{""Qn"":26,""Qnto"":27,""submitted"":""No""}"
gan49UJ6RY9RJABg1Cx9,QChange,1506,2025-03-06T07:40:28.434Z,"{""Qn"":27,""Qnto"":25,""submitted"":""No""}"
gan49UJ6RY9RJABg1Cx9,QChange,1531,2025-03-06T07:40:53.762Z,"{""Qn"":25,""Qnto"":26,""submitted"":""No""}"
gan49UJ6RY9RJABg1Cx9,QChange,1533,2025-03-06T07:40:55.370Z,"{""Qn"":26,""Qnto"":27,""submitted"":""No""}"
gan49UJ6RY9RJABg1Cx9,QChange,1535,2025-03-06T07:40:57.379Z,"{""Qn"":27,""Qnto"":28,""submitted"":""No""}"
gan49UJ6RY9RJABg1Cx9,QSubmit,1535,2025-03-06T07:40:57.379Z,"{""Qn"":27,""Soption"":0,""FirsttimeSeen"":1100,""ResponseTime"":435}"
gan49UJ6RY9RJABg1Cx9,QChange,1536,2025-03-06T07:40:58.802Z,"{""Qn"":28,""Qnto"":29,""submitted"":""No""}"
gan49UJ6RY9RJABg1Cx9,QChange,1537,2025-03-06T07:40:59.851Z,"{""Qn"":29,""Qnto"":25,""submitted"":""No""}"
gan49UJ6RY9RJABg1Cx9,QChange,1602,2025-03-06T07:42:04.147Z,"{""Qn"":25,""Qnto"":26,""submitted"":""No""}"
gan49UJ6RY9RJABg1Cx9,QSubmit,1602,2025-03-06T07:42:04.147Z,"{""Qn"":25,""Soption"":3,""FirsttimeSeen"":1095,""ResponseTime"":507}"
gan49UJ6RY9RJABg1Cx9,QChange,1621,2025-03-06T07:42:26.550Z,"{""Qn"":26,""Qnto"":16,""submitted"":""No""}"
gan49UJ6RY9RJABg1Cx9,QSubmit,1639,2025-03-06T07:42:44.178Z,"{""Qn"":16,""Soption"":3,""FirsttimeSeen"":757,""ResponseTime"":882}"
gan49UJ6RY9RJABg1Cx9,QChange,1639,2025-03-06T07:42:44.179Z,"{""Qn"":16,""Qnto"":17,""submitted"":""No""}"
gan49UJ6RY9RJABg1Cx9,QChange,1643,2025-03-06T07:42:48.379Z,"{""Qn"":17,""Qnto"":22,""submitted"":""Yes""}"
gan49UJ6RY9RJABg1Cx9,QSubmit,1648,2025-03-06T07:42:53.330Z,"{""Qn"":22,""Soption"":1,""FirsttimeSeen"":573,""ResponseTime"":1075}"
gan49UJ6RY9RJABg1Cx9,QChange,1648,2025-03-06T07:42:53.330Z,"{""Qn"":22,""Qnto"":23,""submitted"":""No""}"
gan49UJ6RY9RJABg1Cx9,QChange,1649,2025-03-06T07:42:54.466Z,"{""Qn"":23,""Qnto"":24,""submitted"":""Yes""}"
gan49UJ6RY9RJABg1Cx9,QSubmit,1651,2025-03-06T07:42:56.861Z,"{""Qn"":24,""Soption"":0,""FirsttimeSeen"":958,""ResponseTime"":693}"
gan49UJ6RY9RJABg1Cx9,QChange,1651,2025-03-06T07:42:56.862Z,"{""Qn"":24,""Qnto"":25,""submitted"":""No""}"
gan49UJ6RY9RJABg1Cx9,QChange,1654,2025-03-06T07:42:59.555Z,"{""Qn"":25,""Qnto"":26,""submitted"":""Yes""}"
gan49UJ6RY9RJABg1Cx9,QChange,1669,2025-03-06T07:43:14.578Z,"{""Qn"":26,""Qnto"":27,""submitted"":""No""}"
gan49UJ6RY9RJABg1Cx9,QSubmit,1669,2025-03-06T07:43:14.578Z,"{""Qn"":26,""Soption"":0,""FirsttimeSeen"":1099,""ResponseTime"":570}"
gan49UJ6RY9RJABg1Cx9,QChange,1671,2025-03-06T07:43:16.302Z,"{""Qn"":27,""Qnto"":28,""submitted"":""Yes""}"
gan49UJ6RY9RJABg1Cx9,QChange,1709,2025-03-06T07:43:54.442Z,"{""Qn"":28,""Qnto"":29,""submitted"":""No""}"
gan49UJ6RY9RJABg1Cx9,QSubmit,1715,2025-03-06T07:44:00.290Z,"{""Qn"":29,""Soption"":3,""FirsttimeSeen"":1105,""ResponseTime"":610}"
gan49UJ6RY9RJABg1Cx9,QChange,1716,2025-03-06T07:44:01.483Z,"{""Qn"":29,""Qnto"":28,""submitted"":""Yes""}"
gan49UJ6RY9RJABg1Cx9,QChange,1717,2025-03-06T07:44:02.727Z,"{""Qn"":28,""Qnto"":29,""submitted"":""No""}"
gan49UJ6RY9RJABg1Cx9,QChange,1718,2025-03-06T07:44:03.562Z,"{""Qn"":29,""Qnto"":28,""submitted"":""Yes""}"
gan49UJ6RY9RJABg1Cx9,QSubmit,1793,2025-03-06T07:45:17.986Z,"{""Qn"":28,""Soption"":2,""FirsttimeSeen"":1102,""ResponseTime"":691}"
gan49UJ6RY9RJABg1Cx9,QChange,1793,2025-03-06T07:45:17.986Z,"{""Qn"":28,""Qnto"":29,""submitted"":""No""}"
gan49UJ6RY9RJABg1Cx9,END,0,2025-03-06T07:45:25.903Z,{}
gan49UJ6RY9RJABg1Cx9,SUBMISSION,,2025-03-06T07:45:27.642Z,"{""answerStatus"":[""correct"",""correct"",""incorrect"",""correct"",""correct"",""correct"",""incorrect"",""incorrect"",""incorrect"",""incorrect"",""correct"",""correct"",""correct"",""correct"",""correct"",""incorrect"",""incorrect"",""incorrect"",""correct"",""correct"",""correct"",""incorrect"",""incorrect"",""correct"",""correct"",""incorrect"",""correct"",""correct"",""correct"",""incorrect""]}"
gan49UJ6RY9RJABg1Cx9,Feedback,,2025-03-06T07:51:14.771Z,"{""confidence"":[3,3,5,5,4,5,3,3,5,2,5,5,4,3,5,3,2,5,5,3,5,3,1,5,2,2,1,2,3,1],""guess"":[false,false,false,false,false,false,true,true,false,true,false,false,false,false,false,false,true,false,false,true,false,true,true,false,true,true,true,false,false,true],""guessType"":["""","""","""","""","""","""",""intellectual"",""intellectual"","""",""random"","""","""","""","""","""","""",""strategic"","""","""",""strategic"","""",""intellectual"",""random"","""",""random"",""random"",""random"","""","""",""random""]}"
